{
    "aapl": {
        "maxAge": 86400,
        "currentPrice": 195.27,
        "targetHighPrice": 300.0,
        "targetLowPrice": 170.62,
        "targetMeanPrice": 228.75928,
        "targetMedianPrice": 230.0,
        "recommendationMean": 2.08696,
        "recommendationKey": "buy",
        "numberOfAnalystOpinions": 41,
        "totalCash": 48497999872,
        "totalCashPerShare": 3.247,
        "ebitda": 138865999872,
        "totalDebt": 98186002432,
        "quickRatio": 0.68,
        "currentRatio": 0.821,
        "totalRevenue": 400366010368,
        "debtToEquity": 146.994,
        "revenuePerShare": 26.455,
        "returnOnAssets": 0.23809999,
        "returnOnEquity": 1.38015,
        "grossProfits": 186699005952,
        "freeCashflow": 97251500032,
        "operatingCashflow": 109555998720,
        "earningsGrowth": 0.078,
        "revenueGrowth": 0.051,
        "grossMargins": 0.46632,
        "ebitdaMargins": 0.34685,
        "operatingMargins": 0.31028998,
        "profitMargins": 0.24301,
        "financialCurrency": "USD"
    }
}