{
    "googl": {
        "maxAge": 86400,
        "currentPrice": 168.47,
        "targetHighPrice": 250.0,
        "targetLowPrice": 160.0,
        "targetMeanPrice": 201.4652,
        "targetMedianPrice": 200.0,
        "recommendationMean": 1.57353,
        "recommendationKey": "buy",
        "numberOfAnalystOpinions": 52,
        "totalCash": 95328002048,
        "totalCashPerShare": 7.856,
        "ebitda": 135705001984,
        "totalDebt": 28497999872,
        "quickRatio": 1.597,
        "currentRatio": 1.768,
        "totalRevenue": 359713013760,
        "debtToEquity": 8.254,
        "revenuePerShare": 29.338,
        "returnOnAssets": 0.16896999,
        "returnOnEquity": 0.34789002,
        "grossProfits": 210757992448,
        "freeCashflow": 60679000064,
        "operatingCashflow": 132601004032,
        "earningsGrowth": 0.488,
        "revenueGrowth": 0.12,
        "grossMargins": 0.58591,
        "ebitdaMargins": 0.37726003,
        "operatingMargins": 0.33918,
        "profitMargins": 0.30857,
        "financialCurrency": "USD"
    }
}