{
    "005380.ks": {
        "maxAge": 86400,
        "currentPrice": 185300.0,
        "targetHighPrice": 380000.0,
        "targetLowPrice": 201000.0,
        "targetMeanPrice": 284815.56,
        "targetMedianPrice": 280000.0,
        "recommendationMean": 1.64286,
        "recommendationKey": "buy",
        "numberOfAnalystOpinions": 27,
        "totalCash": 28533418098688,
        "totalCashPerShare": 127587.87,
        "ebitda": 17473165328384,
        "totalDebt": 158210002518016,
        "quickRatio": 0.488,
        "currentRatio": 0.793,
        "totalRevenue": 178980380475392,
        "debtToEquity": 130.144,
        "revenuePerShare": 792224.2,
        "returnOnAssets": 0.027980002,
        "returnOnEquity": 0.11689,
        "grossProfits": 36300933562368,
        "freeCashflow": 45708203786240,
        "operatingCashflow": -2716135063552,
        "earningsGrowth": -0.017,
        "revenueGrowth": 0.092,
        "grossMargins": 0.20282,
        "ebitdaMargins": 0.097629994,
        "operatingMargins": 0.08182,
        "profitMargins": 0.06958,
        "financialCurrency": "KRW"
    }
}