{
    "msft": {
        "maxAge": 86400,
        "currentPrice": 458.68,
        "targetHighPrice": 650.0,
        "targetLowPrice": 429.86,
        "targetMeanPrice": 509.91693,
        "targetMedianPrice": 502.5,
        "recommendationMean": 1.40984,
        "recommendationKey": "strong_buy",
        "numberOfAnalystOpinions": 52,
        "totalCash": 79617998848,
        "totalCashPerShare": 10.712,
        "ebitda": 149172994048,
        "totalDebt": 105018998784,
        "quickRatio": 1.244,
        "currentRatio": 1.372,
        "totalRevenue": 270010007552,
        "debtToEquity": 32.626,
        "revenuePerShare": 36.325,
        "returnOnAssets": 0.14581999,
        "returnOnEquity": 0.3361,
        "grossProfits": 186509000704,
        "freeCashflow": 54817001472,
        "operatingCashflow": 130710003712,
        "earningsGrowth": 0.177,
        "revenueGrowth": 0.133,
        "grossMargins": 0.69074994,
        "ebitdaMargins": 0.55247,
        "operatingMargins": 0.45671,
        "profitMargins": 0.35789,
        "financialCurrency": "USD"
    }
}